P,Wonderful app.
P,I love it.
P,Very Reliable foto app.
P,Coolest ever.
P,Loved it!!
E,Very useful...
P,Love.
P,Love it much.
N,this apps meets everyones need especially in beautifying pictures.
N,hope to have more effects.
P,"I like this app, but making my phone was slow."
N,"And then, I uninstalled this."
E,Great little app makes regular pictures stand out.
P,Awesome....
P,Best camera.
P,Good.
N,My selfie in cam.
N,Five stars.
P,Good app.
P,I like it.
N,Try it for better shots.
P,Good.
E,Very good effects.
P,I love this app...
N,Helps alot with blemish problems.
N,Camera.
P,Awesome!
E,New version...its great!!!!
P,Like it.
P,Its good.
N,Jempol.
P,i dont like it.
N,my mobile is samsung galaxy young s5-360.
E,some effects just doesnt work.
B,please fix this and ill give 5 stars.
N,Ganda.
P,Good app.
P,Love it!!!
N,Nii??ce.
P,Good job....
P,Good.
P,I like.
P,Good.
N,It won't open.
E,Can't not save the picture.
B,please fix it...
P,Awesome.
N,Asololey lah pokoke.
B,Awsm app.....best of d lot....great effects...but please fix red eye.
N,Thanks for this app.
P,Good.
N,Kenapa fail t.
P,That so good.
P,Cool.
P,Excellent........I love it!
P,love it!!!!
N,Like this.
N,Been using this for quiet sometime now and it really works great for me.
N,Thanks!
N,Makes my photos incredibly wonderful!
N,No comments.
N,Always hang up when i used .
B,Please fix it.
P,Its an awesome camera experience....
N,My comments like Samsung Galaxy S2.
P,SUPER camera retrica I LOVE THIS CAMERA !!!!!!!!!!
E,Slow on 2.3 version of android.
P,Just great app.
P,Like it.
E,excellent.
N,Wala.
P,Love it.
P,Samsung tab 3 Really nice i like this camera.
P,Nice apps.
N,Please everyone try this...
E,nic cam...its work...selfie is good option.
P,love it.
P,Good.
E,It show good result.
P,good app.
P,For me very good.
N,Bau.
P,Good.
N,cam.
P,Nice.
P,Awesom.
N,That's all.
P,Love it.
E,Beautiful.
N,Kazungu adam.
N,I hate it.
P,I just love this app.
P,I love it.
N,No words to say.
N,I like but not installed my phone device.
N,All that is missing is the cartoon effect.
N,Need that ASAP!!!
P,Liked it.
N,It lags when I am going to take a picture.
B,Please fix.
P,I just love this app.....
N,Camera.
P,Good.
N,Its really good high quality.
N,Its.
N,Nice one.
P,Love love.
N,It is very complete app for editing.
N,Try it.
N,yeahh!
P,Good.
B,"I just uninstalled this, the effect does not working and what it did was crashing my picture and i cant see my face!"
B,Fix this please.
P,Great apps....loved it.
N,"Really nice app, wish they come up with the real dual camera capture."
P,Nice app!!
P,Nice application......
P,Awesome.
N,360camera.
P,Erritable.
P,Coolest app ever.
P,I love it so much.
P,looking great!
N,i cant say anything :).
P,I like this sof because it lik e to be real.
N,wow.
P,I love this app but too many times I have to upgrade this anyway this is awesome :&gt;.
N,To cloudy.
N,I luv this app so much!!!
N,wow.
P,Nice apss.
P,Back to love u ....
P,Perfect can!
N,Qty.
N,Sip sip sip.
P,Great app.
E,This is still better compared to my default cam even without the effects and options.
N,Problem is it makes a copy of the original photo even if it's just basic settings.
N,It forces me to delete the copy of all the pictures.
N,Really tiring if you've taken alot of pics.
P,Best.
N,"why my camera360 always say submit.and i didnt use it,."
B,hope fix it.then i wil give 5 star.thank u.
P,I like to capture on this camera.
E,Really love this app cause it's easy-operated & the results are always nice :).
P,Good.
P,Very good.
P,Best.
N,Save your moment with360.
E,Very slow app.
N,ok.
P,I like this application.
R,I don't need to do make up just choose which type do you like to use to make you more beautiful and charming :).
N,Camera 360.
P,Best100%.
N,Luv.
E,Excellent.
N,I just try it...
P,This app is so awesome !!!
N,Borhiya dei.
P,Love it love it share it.
N,Need more feature...
P,"No more comment, this is the best Camera App for android platforms..."
N,I hope u to get this app.
P,Best.
E,Great to photo edit and filtering.
N,But it is always running in background.
N,It may spy on us.
R,It could take a photo record a sound without notice.
P,so nice.
N,Camera360.
N,Even im using the write android it wont install so i hated this app.
N,Lop.
B,given 5 star supPoseDly but it crashes sometimes.
N,"but stil,this is a nice apP."
N,;).
P,Great app.
P,This lovely.
P,Love it!
N,This is nice.
N,Yo.
P,Love this application.
E,With Great Effects.
P,So nice.
P,Like.
P,Awesome.
P,I like this camera because i can edit my face and background.
N,Camera 360.
P,Nice.
P,wow Amazing .
P,nic.
P,I like it.
P,Loved it.
P,Goodj.
E,Wowy bt nt full at least.
P,i really love this apps.
E,so many options and i am satisfied about it.
P,Just love it...
P,Wonderful.
N,Good one.
P,love ya~.
P,I luv dis app...best app eva...thnx guys...great job.
P,Cool app.
P,This is the best application for pics I really loved it and will give five stars.
E,I love this app with the different effects also a good a camera.
P,Love the app.
N,Not bad.
P,Too good...must have.
P,Best...
P,Great.
P,Love this app :*.
P,Love.
P,Love it.
P,great work so i give 5*.
P,Nice app.
N,I can desingn my photos.
P,Awesome.
E,Very good to use.
P,Love it.
P,Nice camera.
P,Loved it!
P,Best Photo App Ever!?
P,Great.
N,Not bad.
N,Batch 99.
P,Its cool.....
P,Great apps lOve it so perfect!
N,This app is my camera.
N,I hav stopped using the actual camera.
E,Sometimes it slow.
P,I love this app....
N,Error for my androir loading.
P,Awesome.
N,Kashem.
N,I give 5 stars.
P,So cool.
P,I just love this app cuz is keeping my phone safe.
E,It's beautiful application...
B,It says that there's an error in downloading.
N,can the creator help me with this?
N,thank u..
B,Its awesome its easy to used but its not working today please fixed it.
P,Coool.
N,Axis app.
N,No comment.
P,Good.
P,Awesome.....
P,i loved it evry time i used it.
N,Dont expect much.
N,Oooo.
P,The best camra.
P,Love it.
P,Nice oo.
N,Selfie.
N,Nice to have it.
N,Older version is better...
E,Just add more effects and scenes in one download only.
E,This app soo useful .
P,I have rated 5 because this is best camera app in the world.
E,I really like it...very simple how to make your beautiful photography.
N,i like ths aplication so much.u cn get a better picture with ths camera 360 thumbs up.
N,Fine :).
P,Greatttttttttttt.
N,Str8 up.
E,I just love all the options!
P,I really like this app!!
P,its so cool!!
P,Great app ?
P,I love this app but i cant upload it on my phone...
N,Javierflores819.
P,Good.
P,Ilovethis app ???
N,Aku malih ganteng :$.
P,I really love this app.
P,I like.
P,Good clarity with best function.
N,nice cam!!
P,Really like this camera....
N,Hidup.
P,Love it.
N,This is a great apps use to capture memorable happenings in life with a twist.
N,bgus.
N,GANG.
N,I regret loosong the time on this app that does not worth it at all.
P,I jus luv it......
E,"Recommended by friends, easy to use, love it."
N,Hate it.
N,I can't download.
P,love this application very cool features and all free!
P,Love and family.
P,nice.
P,Good.
N,The camera is inverted and it is not suited to my phablet.
P,Good.
P,Nice.
P,I love it.
P,Best.
P,Unique.
N,5*.
P,Nice app.
P,I like it.
N,I can't install it!
B,Please fix it!
R,Need to add more effects.
P,Im speechless.
N,Luv it...gud job....
B,It Is A VeryGood App But Can Someone please tell me how to get the cartoon one ?
P,Nice.
P,so amazing camera .
P,i like it ...
P,Nice.
N,360 camera.
P,Camera360 so amazing!!
P,like this app.
N,Baekk.
P,Goodjob.
N,So much!!!!
N,Camera.
P,It's cool.
N,"+91 99981 ,18455."
P,Nice app.
E,Very good effects.
P,Love it!
P,Nice.
N,More than my imagine .
P,I like thiss !
P,Love it.
N,His.
P,Awesome ....  :))))).
N,Cant download.
P,Love it.
P,Its like in aplication.
P,Good.
N,Nakakainis ayaw ma download Nito!
P,Wel its a cool app though...but its not d best.
N,Realy ultimate.
N,The power of ulzzang :'v.
P,I love it so much; ).
P,Great.
N,Camera 360 shutting down.
P,I like this :).
N,I cant stall...
P,Lovelovelove&lt;3.
N,Suggest by a friend looking forward how this app gonna work n what spacial has this app...
P,I liked very much.
P,Nice.
P,Best app ever.
N,More than all.
P,Nice.
N,Thanks.
N,I can't install it.
P,Loved it.
E,Great camera app easy to use and alot of fillers.
N,"Liked it, but also can try camera fx zoom free, much better."
N,Luv it but why i cant install it...
P,awsome.
N,It's ok for me.
E,It's beautiful but some filter is not working...
E,Excellent pictures.
P,Love this apps.
N,Dku sya mainstall.
N,Ozm.
P,Nice...
P,It's good.
N,just so they wont ask me.
P,Love it.
N,W.
P,Nice app.
P,Nice apps and good working.
P,Great!!!
P,Thats good.
N,Pictures I take are aligned in a somewhat messed up way.
B,You need to fix this asap.
N,????
P,Goood.
P,Cool.
N,keren.
P,love this app.
N,Hello Uolls?
P,I love this.
N,"What a camera, first class."
P,i love it.
N,So hot camera 360.
N,:))).
P,Best apps ever....keep the best work...
N,It's okay!
P,Awesome.
P,good.
P,Nice.
P,Love it.
P,Wow like it.
P,Love it!
N,Not bad.
E,Laggy camera.
N,Nice great job keep it up.
P,Good.
N,Ok.
E,Please allow us to save pictures on external storage.
P,Great.
N,Dararas.
N,Wuapik tenan.
N,No video cam?
P,Nice.
P,Its  good.
P,Its very good.
N,Good one.
P,love.
P,I like it so much.
E,Special effect.
P,Nice....app.
R,ONE THING: PLEASE MAKE AN EFFECT THAT HAS THE ID PICTYRE SETTINGS AND ADJUSTMENTS THAT CAN BE TAKEN ON THE FRONT CAM BC THAT WOULD BE VERY AMAZING SO WE CAN TAKE CLEARER AND WHITER SELFIES!
B,PLEASE PLEASE YALL WILL DESERVE 10 STAR THEN ;).
N,Testing.
P,Amazing!
N,Keren.
P,One of the best for Android.
N,"I'm satisfied with this apps,,,."
N,O.
P,Good application.
P,I like this apps.so much.
P,Love this!!
P,Love it....
N,So lame.
P,Bad.
N,Freak.
P,Goodd.
P,Best app u can find...love the variety of filters...I am so obsessed with it...I deeply recommend it.
P,good.
N,Can't install .
E,beautiful.
P,"Its a such a great and funny app,you can edit your face like a big nosed face."
P,Haha gonna love itt.
E,It is hard to use now compared from last version.
B,Please fix some errors then I will give you 5 stars.
P,Its a perfect apps ever...its perfect for a photo effect lovers.
N,I cannot install this app !
N,pls.
N,Fix .
B,Loved d effects but sad part when it crashes... :-/.
N,nice app but its not entry my phone.
P,Its a cool app.
P,"tis a AMAZING image editor  wat medical miracle i love it tiz app ,i give5?????."
N,Trend Anak jaman sekarang katanya yg pake camera 360 anak alay -_-.
P,Awesome.
N,Camera 360 it's Ok.
P,Amazing!!
P,I just love it!
N,Try to get this app.
P,Nice.
P,Good.
B,Many many times this app make my note 8.0 crash and reboot / fix this please.
N,ps.
N,my device run with 4.2.2 now.
N,Square.
E,Excellent.
P,Good for we all.
E,Super smooth and very useful.
N,Goid.
N,jnm.
P,Good.
N,sana mag install!
N,Hahahaha:-).
E,Super camera effective.
N,Hohohoho....
P,Best photo application.
P,super luv it....
N,X paka mnde gnim ...aq download x jadi.
N,Top.
N,K.
E,Very nice picture.
P,nice app.
P,Poor front cam quality.
N,Ok.
P,Loved it.
P,Great...i'm very love love love it!!!!
P,Loved it.
P,Its super good.
E,Excellent.
P,Great!!!
P,great.
B,Koothara app aanu...crashes in my phone....
N,Picture enhancer.
P,Nice app.
P,Good.
P,Awesome.
N,!!
N,Ok.
P,Awesome app.
N,Not bad.
P,Really love this.
P,Love it.
P,Was amazing!
P,Its really an awsum app...i jst luvd it...!!!!!
N,Its a good one....
P,Nice app.
P,I really so osm super app.
N,It won't let me install it because of insuficient space but i deleted everything and it still won't install...is it my phone?
N,Is it the app itself?
N,Help.
P,I love this app.
P,Nice apps.
N,Camera 360.
P,Good.
P,Good .
P,Like.
N,Dope!
P,It's a great app.
N,Must download.
P,Good.
N,Rhose.
N,It is good enough!
N,It works for me.
P,Best I've seen.
N,Like'it.
N,"Very nice and enjoyable apps ,,,keep it up guys ,,thanks."
E,"This is a great camera, I love the effects and different camera options."
E,One option is still missing - Panorama.
N,Can you add that?
N,jj.
N,Hahahahha noob.
P,Best camera ever.
P,The best photo app experience !
P,cool.
P,Nice.
N,wish it wont eat up RAM when not being use...
N,Ya.
N,Its not working on my samsung.
P,Nice.
N,Its ok.
E,Helpful.
P,Really cool!!!
P,good.
N,Retrica has that 4 pics or 4 shots 1 click ur looking for... To lulu lau.
N,thank u finally my camera 360 successfuly downloaded.
N,its so great that I have this....
P,I am using this app and I found that this app is awesome and brilliant.
P,I love it so much as well as everyone in the country also love it.
N,The photos was taken by this camera 360 Ultimate is beautiful and smoothest.
R,"One problem is need to be improved in order to make this app more famous in the world, I would like to do a recommendation as below:  Recently, This app has been upgraded to have a ID card Photo for user to take his/her partner's photo for ID Card of his friends and families, but the small thing is the camera could not take a self ID photo for Card."
N,"it can only be used for his partners photo, but it cannot take his/her own photo via this apps."
R,I would suggest to upgrade for the front camera in order to let the users can take ID Card photos using the front Camera.
N,Thanks.
N,Family.
P,Very nice.
P,i love this apps.
P,Easy n fantastic.
N,Huhhh.....
N,It's work...!!!
N,Cocok utk ibu2 & om2....buat nyamarin kerutan dan minyak ddi wajah....pisss!
N,Camera 360.
N,K k k.
N,It won't install.
N,Thnak you.
N,I can't install it!!!!
P,I love this app very best  performance ...
P,Good camera liked it...but one little bug...power button doesnt work or gets disabled while using app.....
P,im solove camera 360.
E,Excellent.
N,Better.
N,Like this.
P,I like the app plsss help me I like download.
N,I can`t download.
N,Cgh.
P,Some of bugs are in their but good.
P,I luv dis app.
P,Good.
N,Bagus.
N,ia hebat boleh membuat kita menjadi cantik.I like this thing i can download this at google play.
N,Dwonload.
P,Effect are so cool....best camera app.
P,Really awesome!
N,Improve much.
N,Cant download this app the fck!
B,You should fix this.
P,Kaki like.
N,make it removable please.
N,Not getting downloaded.
P,Good.
P,Owooooooooo just awesomeeeeeeeee :) Thanks a million PINGUO INC. :-*.
P,I like it!
P,Awesome.
N,He.
B,Cant open this app and it says I need to reboot the app.
P,Why like that?
P,Best camera app so far.
N,Cant downloded why?
B,i really cant install it!please fixed this and u will deserve more stars from me.
E,it is awesome but too slow.
N,Esey ko kheta han camera.
N,Pix as never getting better than this....got my full endorsement.
N,Thumps up!!!
N,I want cartoon effect in android.....
B,i like the app but avira keeps detecting it as a malware and its annoying.
B,please fix it.
N,thanks.
N,Yesssss i can selfie with my white skin with camera360 .
N,With this camera my white can white as frozen .
N,Hay.
N,The back camera for techno M7 is not workn.
N,Try to upgrade it.
P,i like this apps.
P,Nice app really to good.
P,Verry good.
N,Wow.
N,Boy.
P,Good.
B,Suddenly causing my phone to crash when I snap pics.
B,That's if the app itself doesn't crash first.
N,Forced to uninstall a winner app....
N,Ok.
N,doody.
E,Its easy to use :).
N,I ?
N,it so much !
P,I couldn't install this app pls help me coz i love so much this and i want this i like this too it's so very nice im using android version 4.2.2 pls help.
P,This is Amaaazing !!!
N,App guys.
P,Mmg best.
P,I like it.
N,J.
P,wonderful application.
E,photo editing is now so cool.....:).
N,Luv it.
N,It was nice for me...thanks.
P,Good.
N,Apps.
P,love much.
E,I Love this Add A Little more Effect.
N,On Ma Pictures.
N,#NAME?
P,Awesome.
P,I like it.
E,Excellent....
P,Love.
P,Awesome.
P,Owesome.
N,Nice??
P,Nice.
N,Excelent.
P,I love this application ??
N,Gr8 app....5star.
N,Abdi hassan.
N,love it...but it make me hard to upload my picture on ig...
E,I love this camera 360 cause the filter is good :) ?????
P,Awesom.
N,Normal edit pics...........
P,Awesome app...!!!
E,I love the effects... It works well... :).
N,mantap.
N,Not bad.
N,How are you...
N,Marlonfe photoshoot.
B,i love this app and its already installed in my phone ' but i cant open '  plesase fix it .
E,This app makes me beautiful just by using filters but I would love it if you could choose a pic already taken in your gallery.
R,Never felt so special... It's like magic... Best pictures ever... Now I just can't stop taking pics anymore.... thank you.... thank you.... ^_^.
P,It's amazing.
N,ok.
P,Awesome apps.
P,love it.
E,user friendly and various effect.and it's freeee...!!!
P,Like.
P,"I really love this app one shot four pictures, awesome."
P,Great app.
P,I love it thanks to camera 360.
P,The best camera app.
N,:).
N,I really like this app...its have more camera effects.
N,Need more scene :).
P,Good.
P,Love this app.
N,Mantap.
P,Good.
N,mantapp.
E,Verry beautiful.
N,&lt;3.
N,Brush.
N,yo de bct.
P,Best editing app.
N,Gud 1.
N,5? :).
N,Make me get a perfect picture.
P,Best of the best.
P,Love it.
P,awesome.
E,New version more attractive...
P,Great Photo Apps.
P,Love it.
P,Verry nice.
P,Loved it.
P,Perfect for me.
N,Best camera app in whole play store with all types of camera.
N,Hoa.
P,Love this app so much.
E,It so helpful.
N,Please add more effect and I will give you 6 stars.
N,:p.
P,@ 1 word amazing.
P,Good.
N,It couldn't get any better than this!
N,No words to say !
N,It smooth but not clear.
N,It almost erases my pimples.
P,S??per i lo ve it.
N,Like to see you there.
P,Iloveit.
P,Well a great app for clicking photos definitly the best one till now...
P,Its  very goood.
N,download.
P,Good.
P,Its really helpg out...good apps.
N,Me.
N,Application camera.
N,Omg.
P,Good.
P,great.
N,dpt mnyeri & mnjelaskn lg gmbar.
P,Awesome.
P,Great!
P,nice.
P,Cool app to create albums.
N,N.
P,Great.
P,I think is the best photo app in store.
N,;).
P,Amazing foto editor.
N,Im looking good with this camera.
P,superb.
N,Hayhay.
N,;-).
N,Looks good for now.
E,Easy to use.
E,Like the effects.
P,Nice app.
P,Love.
N,Fun app but can be better.
P,I love it.
P,Love this app the best.
P,I love 360 cam.
P,Yas love it!
N,Li.
P,i love this app :-*.
P,Great!
P,Nice.
P,i love this app.
P,Best cam app.
N,Camera.
P,like.
P,Nice application.
P,Just awesome.
N,Gud.
N,"So dissapointing , when i tried the video effect it actually hang up my phone ."
B,", pls fix it ..."
N,Pictures.
P,I love this apk very much.
N,I prefer to my friends also.
P,Great.
N,Mlayan.
P,Love it: -).
P,Good.
P,Nice.
P,I love this cam...;).
P,This app is so amazing.
N,I really like this apps it make me satisfied.
N,auz.
N,Cannot take any picture after my tab upgrade to 4.4.2.
P,Good.
N,Like magic.
P,perfect.
P,Love it.
P,V good.
P,I love it.
N,Excellence.
E,Easy to use....
N,Survive.
N,Selfie.
E,"User friendly, great outcome."
E,Good picture nice figure.
P,great app :).
P,Awsome app!!
N,Its nice app.
P,Like it.
P,I love this app!
N,So smooth.
P,...and i love this even more.....!
N,i cant move it to my external memory thats why it always not responding .
N,help pls ?
N,Ok.
N,I can't to install this app ahh !!
P,Great app!
P,Good app.
P,Good.
N,"After I Install this applications, it's functional for a few days, after that it's facing a problem like every time I take a picture and look back into the 360 gallery, it does not show any picture except the symbols of gallery."
E,Edited picture also is unable to be save.
B,"The only thing that is shown is a symbol of ""Processing clock""."
N,Developers need to do something about it.
N,I'll give 1 Star for that problem.
P,Works very good.
P,Love it!
P,Nice.
N,Clear pics all you need.
N,Rock.
P,Perfect.
P,Love it.
P,Its sO nice.
E,Super smooth click with effects I like ittt.....
P,Nice app.
N,Wouldn't it download.
N,Bagus jadi nya.
P,Such a great app.
P,Nice Camera.
N,I love this apps .....BT ...:( not dwnloadng in my phone ....plzzz help me ....android 4.2.
E,Easy to use.
P,Greatt!!
N,I.
N,Don.
N,Camera 360.
P,Nice.
N,I really like camera 360 ultimate but I can't install in my phone  how can can I install it my phone is android 4.3 o+ now my rate is 2 star only.
P,This is so cool.
N,Thumbs up!
N,:).
P,Love.
P,Good.
P,Love it!
N,Cutie.
B,im really love this app but my phone is android please help me...
P,Love it.
P,Nice!
N,This apps makes me beautiful.
N,Even I am really beautiful in person.
N,Joke!
N,But nice one.
P,I really appreciated it.
E,"Great app, beautiful picture."
N,Cffg.
P,Ma frends told me it is da best photo editor......
P,Nice I love it!!
P,love this much?????
N,So addicted to it!
P,yup cool....
E,"It's useful and handy,."
R,Why don't in android like lumia series camera option like diffent shots at a time when object is moving.
E,"It is now crashing often especially when using back camera and the new idea isn't really good, maybe resolution isn't that good now, got slower too."
N,Older version is even better.
P,I like this.
P,Greaaat.
B,"Please fix effects ""cartoon""."
P,Good.
E,Great effects!
P,Very good app.
N,android.
N,Just ok.
P,I really loved it!!!!!!
P,Good.
P,Awesome.
P,AWesome app.
N,Why its not installing on my android v4.2.2.
N,The app kept on having problems!!!
P,super love it!
N,now i can say that i really enjoy picture taking.
N,thanks!
N,5 stars.
P,Nice.
P,I love it.
P,So awesome.
P,I really like camere 360.
P,My gf like it.
P,Good.
N,Epic.
N,Y.
P,I love it!
N,:-).
N,Why I can't install this app .
N,I have many free space !
N,Please help me ...
E,This app has amazing effects lovelyyyyy.
N,Yeah.
P,Okay.
N,Thanks to d developer.
E,The back cam doesnt work properly.
B,please fix it.
P,Loooooove it!
N,Tiptop reee.
N,It's good but the memory is too big.
P,Cool.
P,good.
P,I love camera 360.
N,thats all.
P,Very good app.
N,Thumbs up.
N,Uploads files on cloud without user permission.
N,User must be asked whether we want to upload or not?
N,Work in lg optimus g pro kitkat.
P,Nice I love it.
N,(Y).
N,Saya sukakanya.
P,I love it.
N,Thanks for make this more usefull....
E,"I just install Decades, V2 Lights, Starry Nights and Magic Sky effects and they are not working, I'm using Samsung Galaxy S III how will i fix, pliss help."
P,good.
P,Cool.
N,Selfie at d bus.
E,Very useful for editing pics....
N,Magnifico.
N,Untuk version lama ...
N,I hate it !!
N,It said error while downloadinggg.
N,This deserves 6 stars :p.
P,I really Like this app!
N,Ok sya.
P,Great app....
P,V good appp.
P,Like.
N,Terapong dalam angn jauh...
N,I can't install  it......
N,I dunno why when I updated it have virus and my anti virus say it should be removed from my device.
B,Please fix it I'll be give you 5 stars then.
P,Owesome!!
N,M.
P,Nice.
P,Like.
P,Nice n cool.
E,very nice and suffecient.
P,its great app.really usefull.
R,Photos can't be save to extsd.
N,For thow who can't download.
N,Sedot ganssss.
N,Gass poll.
N,Gago.
N,Delay album loading.
N,keren.
P,It is a good app I like using it.
P,It is cool.
P,Best.
P,amazing camera i lovr it.
N,Loadiing.
B,When i use camera360 my front camera did not work...please fix it and i give a 5 star.
N,High five!
R,I hate it a bit because it doesn't do video recordings.
P,Love this application...
P,I love it :-).
P,Great app.
P,Good quality.
P,I so love this app that I wouldn't trade this to other apps around!
N,Bila kau rindu ak.panggil namaku .
N,ku datang menemui muuuuu.
P,Good.
P,Amazing.....
P,Good application.
P,Good.
N,Its good in iphone not in galaxy y!
R,There should be an auto save option.
N,Not like every time I have to save it.
B,"When you ask some stranger to click a pic for you, he won't press save."
P,He will just click.
P,Lost a few pics like that...
P,Good app for android.
P,Best gak la.
P,Love it.
N,Really liked this app but me security software is continously giving red mark so can not Install and give 5 stars .
N,Plz look in to this.
P,Like it.
P,Nice.
P,Good.
P,Great photo app!
P,I love it.
N,Sekolah.
P,Good.
N,nyc graphics n effects....gives a pucture quality...gud one....
P,loved it.
N,...;-).
E,"This apps is great,just a little problem with the effects."
P,I like the old camera360.
B,Please fix it.
P,Nice app.
N,Itx xoo gwd....
N,just like a professional photographer.
N,It won't even download far enough for my galaxy s4.
N,Irshad.
P,Good.
N,"What ever you say, this application have been make me feel nice."
N,Lk it.
N,For me ths app is ok.
N,juz tht.
N,thnx...
R,Hope you create make up tools and more backgrounds I want to use it in my wedding party.
P,Ilike it very much.
P,Like its so much.
P,Great.
P,Verygood.
P,Always good.
P,Superloveit.
P,Very very amazing.
N,It iz awsome.
N,I jzt luv it.
N,Jux lyk.
N,Dis camera it beautify you even though if ur face is ruff.
N,So I luv it too much.....
P,Its awesome.
E,Very helpful.
P,Good application.
N,What makes a developer think they can send me recommendations for apps to buy from them just because i have one of there apps installed?
N,If I was in the narket to spend money on an app I believe I can do the research myself on what add ons etc.
N,I would want.
N,"one way to prevent this is ummmmm,UNINSTALLLLL."
N,LAYT'Z.
P,Real cool.
N,Anyone experienced the same?
N,i always got blank picture.
P,like.
N,all black only.
P,its was good at 1st.
N,then when i back to Gallery.
E,the picture just... black.
N,-.
N,"- bcos of that, i gave u 1star."
E,Pls add some important features like spects moustache and funny things un the end best application.
P,GREAT FEATURES AND I JUST LOVE IT.
P,It is the best camera app ever!
N,And it is keep getting better.
E,"Great camera and love the filters, it would really cool if you could add a filter for eye color."
N,S3.
N,it crushes evry now n then when i swith to primary camera on android 4.2.2 kitkat.
B,plizz fix this prob 4me.
N,"I can't download starry night, v2 lights, magic sky and decades."
P,Overall good.
N,I have'nt try it yet but i think it is great app :-).
P,Excellent Great Nice Wonderful Easily.
N,nice upgrade my camera...
B,Fix it faster!!!
N,i cant download it.
N,Camera 360.
P,Superb.
P,loved it :).
P,Nice camera.
P,Like it...widia.
N,I cant install it.
P,but i like this apps.
P,Good!
N,:-D.
P,very good.
P,Excellent !!
E,Love the new and enhanced interface.
N,GP.
N,Kerana ramai menggunakannye.
P,Very good app...
P,Love it.
P,Good.
N,lyk it.
P,awesome!
N,:-).
P,Super.
P,Very good app.
N,Mmg terbaex.
P,Cool.
P,I LOVeee this.
P,The best camera app I've ever seen.
N,SEXY AS HELL.
N,Ok.
N,oke...
N,I can only use 6MP for smooth camera experience.
N,;( please update....
N,Thanks much!
E,Excellent.
N,Can't save in ext storage.
P,cool app.
N,"Been using this since it first debuted back when I had my first droid years ago, there's a reason for that ;), the best."
P,the best.
P,My front camera is not good.
N,It can make me pretty.
N,Not bad.
P,Nice.
N,Ok.
N,I want to learn more.
P,It so amazing.
P,Cool pics :).
N,No comment.
P,I like it!
P,Very good aplication...
P,Nice app.
N,Boleh makan la....
P,still famous.
N,Ist Oke.
P,Pics come out perfect.
E,The best camera ive had and nice easy photo editing.
P,Nice tools for improve image.
E,Real nice options.
N,Dont ever Uninstall This.
N,Its Too Good To Be Uninstalled Or Rated 1 or 2 Stars.
P,"If u love photography, u must use this app."
E,Easy to make awesome photos.
P,Love more this app.
N,Lumayan.
N,grt.
R,Could use a mirror filter and a flash for the front facing camera on the screen :).
P,Good.
N,Rating.
N,?????????????????????????????????????????????????????????
P,Camera is good and makes perfect....
B,Love the app but why is it when i use flash on my phone it always blinks and blinks but iam not clicking it.
P,I like it.
P,nice apps.
P,Love to use this cam.
P,Love it....
P,Good till date.
P,Good.
P,Owkey lah... Best Sgt!!!
N,Hehe.
E,The best camera app and easy to use.
P,Nice.
N,Camera.
N,Gud.
P,Really love the way the app is designed few of the best modes magic sky and HDR feature.
N,"Try to click pictures in this mode when you want to click the sky along with other props, it just creates magic."
P,awesome.
P,Amazing app.
N,Mantap.
B,No crashing anymore!
N,Keep it that way!
N,It's my day-to-day selfie app!lols.
P,The Best App.
N,:).
P,So far so good....
P,Wonderfulllll.....
N,It's nice.
P,Great app.
E,"V5, lots of good changes, better UI, more responsive, faster auto focus and all around optimization."
P,Best ever.
P,Its good apps n I always use it when I click pics.
P,Perfect.
N,Need us to update ourselves to version 5.0.
P,Awsom app.
P,Best photo app ever.
P,i love it.
P,Awesome!
P,I really loved it so much.
P,Clear.
P,Awsome.....
P,Best App.
P,:-) good.
P,Super Excellent.
N,Thanks.
P,Amazing.
N,Satisfied.
N,Please update with material design.
P,Best app ever.
N,Thank u..
N,just installed feels good.
P,Love it.
P,GoOd.
N,bEtTer.
P,bEst.
N,!!
N,not too bad but better.
N,Keep up the good work :).
E,Just loved all filter...
N,????????????????????
N,????????
N,....
P,Nice.
P,Best camera ever.
N,Ok.
P,"Please provide menu move to sd card, because i love this app but so large of memory."
P,Love it.
N,Ok.
N,I recommend to download this app.
N,Nice camera app.
N,K.
P,Good app.
P,Its good works and perfect.
N,muwah?
B,"Although 75% Good, but it's lag when scroll , pls fix it , thanks."
N,Magic surpice take photo.
P,Good.
N,Ok.
N,installed.
E,User friendly.
P,Amazing app.
E,"I love how this app can function as a regular camera app (making regular photos pop) or as a portrait camera, a selfie camera, a camera just for fun, an artistic camera... Endless possibilities!"
P,And the best thing is that it delivers great results no matter what you use it for!
N,(and it's all free too!)
P,This app is amazing.
E,I have just stopped using my cells cam... The effects for editing are great...The best photography app till date....
N,Kontol.
P,Love this app thanku.
P,Like it?
P,Bestest app for photos.
P,This is perfect.
N,Exactly what I needed.
N,Thank you!
N,(New update 8-19-14: Camera quality look blurred.
B,Please fix.
N,Thanks forvthe updates.
P,I just love it.
P,Nice camera.
P,great.
N,Why it need running at background even I am in use.
E,Starry night effect its soo cool.
N,Finally!
R,Can take puctures without the annoying shutter sound!
P,The perfect app.
E,love the effects.
P,AMazing aps.....
P,I love this app very much.
N,Size too big.
P,Awesome ').
P,nice.
P,Good app.
P,"Ive watched this app go from a ""oh this is pretty cool"" to a ""OH MY GOD THIS IS THE FREKING BEST CAMERA APP IN THE WORLD!!!!"
P,""", Great updates, thank you for such an amazing app."
N,It keeps getting better.
N,From Ethoipia Addis Abebba.
P,Very good apps.
P,Great for people who loves to take selfies.
N,Nice work guys.
N,Wow.
P,Good.
P,Nice camera.
P,Awesome.
N,Updates more n more.Whenever I use this app.
N,I really really enjoy.
N,I can't stop myself to give 5 star.
N,Guys you should be.
P,& you guys r going to love photography.
P,I m using this app its effect is so good i like it.
E,Easy to use.
N,Thanks!
P,Its great.
E,Love the new updates.
N,starry night.
P,Great.
N,Keep it up!
P,So good.
P,verygood.
P,My best app to edit pics.
N,lv it.
R,Update the app plzz put more function in it.
N,Mantap.
N,Nice This App:).
N,P.
P,Gooood.
N,Camera 360.
E,Effective effects.
P,I'm lovin it....
N,"Its a nice app,,ive been using camera 360 for awhile now and it works really great."
P,Love it.
N,;).
N,:-).
N,Gudd.
P,good.
P,Good.
P,Best camera app ever!
P,Very nice cam.
P,I love it.
P,Better and the best camera ever.
N,If i go  in to settings or take pics My tablet restarts .
N,can you pls look into why this is happening.
P,It is lovely app.
N,definitely a must install app ;).
E,Great camera and effect excellent!!!
N,it is really nice.
P,i love it and can't stop using it.
N,??????
N,???
P,nice.
P,Nice app.
N,Ganu.
P,good.
P,I luv it.
P,Love it.
N,I like it for selfie.
N,Gratnice.
N,So gud.
P,Great app.
N,Bonus Data.
P,Nice.
P,Perfect.
P,Its so nice!
P,This app is just amazing ??
N,i deed is ultimate.
R,Give me a opportunity to explore how to take a best picture.....
P,PERFECT!!
N,"Terbaik la,,,,,,,."
N,Frist camira.
P,I like it.
N,I just updated my phone to android 4.4.2 and now I can't change the saving path to my sd card.
P,Loved it.
N,i support Gaza.
N,Stop killing the innocent.
P,The best camera.
N,100% nice 4 ur semarphone.
N,Just a much needed camera app.
N,Add a panorama feature please.
N,Ok2 la..
N,gambar jadi cantik.
N,I totally forgot abt my phone's camera.
E,I use this always and so far this is the most useful tool that I'm using.
B,But sometimes it crashes.
N,Very good update.
N,Thanks to the creator!
N,Thanks for the good software.
P,Would be excellent except for it's heavy drainage on battery life but still remains the best camera app by far.
N,Camera360.
P,Amazing.
P,Amazing!
P,Good stuff.
P,Cool.
N,I hate this app why do i keep downloading n it does not install after wasting my bundles.
P,I love it.
P,The best.
P,I love it.
N,forever 1st Choice :).
N,not bad.
P,Excellent App For Photography . . ..
N,Gud to use... Need more features.
N,APP EVER EVER EVER......
N,add VIDEO REC.
N,It's ok.
N,its just that having to log in and can only download the effects with the presence of internet really suck.
N,but overall it is ok.
N,Ok.
N,Kh?ng truy c?p ???
N,c ?
N,nh trong Gallery k?
N,t?
N,khi ch?p ?
N,nh b?ng Camera360 Ultimate tr??n thi?t b?
N,Galaxy Nexus (Jelly Bean).
N,Gallery corrupted.
N,Keren tapi kok error di android kyu.
P,Its a good program love it.
P,Really I like it.
P,"Good camera, i love camera360."
P,So far so good ?
P,Everything is good.
P,I love it!
P,loved it :-).
P,love this app.
P,Xuper like dis cAmera 360.
N,????
N,I rarely use my camera on my cellphone anymore.
N,Im a selfie fanatic.
P,So this app is PERFECT!
N,????????
N,360 noumer.
P,Nice.
N,Q.
N,I always smile.
P,Coolest camera ever I prank my friends with this.
N,Eak no .
N,mast.
P,Good.
P,I like it.
P,The best photo app in Android !!!!!
P,i love it.
E,many filter broken.
N,fix it.
P,Marvelous.
P,Amazing.
N,Should have video.
P,i think that would be cool.
E,it is so slow to download.
P,Good.
P,love.
E,"when editting or using the camera itself, the resolution is small."
N,Csmrk.
N,5 sao lun.
P,Fantastic.
E,IT'S OKEI MAT'S SO BEAUTIFUL GREEN GET.
P,best ever.
N,Nice pics.
P,Good.
N,Sexy lips.
E,Excellent.
N,Yuuppp.
N,"Hi, I'm getting an error message when I'm trying to install it on my phone."
N,It say's it needs more memory well infact I have more...
P,Cool app.
N,Nice one.
P,Like it so much.
P,Great camera ?
P,Good.
P,Very good.
N,Will not miss every little things to get captured  with camera 360.
N,Thx.
P,Never disappointed.
N,B-).
N,Work just fine!
N,"Even though I have 10 others photo apps, this Camera 360 is the only one I use the most frequent."
E,It's just simply useful.
E,And the most importantly it doesn't produce any annoying sound when I capture.
B,"Others although I have put my phone on silent mood, still it blinks soo loud which is embarrassing when ppl aren't aware of it ."
P,very good.
P,Very nice application.
E,"Good camera, good effects."
N,"And once you updated to Kitkat, you cannot transfer to sd."
N,It has nothing to do with this app.
P,Very clear.
E,Useful so far.
N,i?it.
P,This is the best camera.
E,When I capture any picture.
N,Then I want capture other picture the camera not be reddy.
P,Excellent Cramer!
E,Easy to handel.
N,Fun app.
E,Very useful!!
P,Love it!
N,My favourite...it turns my ordinary phone cam to professional cam.
E,"i like the old version better, how to unupdate it?"
E,Love the effects.... great app.....
P,It's a good camera.
P,Okay.
N,need more improvement with graphic.
P,"Totally forgot bout my phone camera, love the quality!"
N,(:.
N,Woohooo.
P,Love the apps...awesome...
N,Keep up the good work teams Success!
N,It always have errors.
P,Like it.
E,I love this one.toomuch options are in available this camera.
N,Please you provide new elements.
N,Ok2 la .
N,Hahahahaa.
P,Good apps good size.
P,Best.
N,"camera 360 is cool, you can do alot of great stuff with your photos."
P,My best app.
N,&lt;3.
P,good.
P,This is so far the best photography application in the store.
E,Great effects.
E,Great filters.
P,Its so nice apps i rated it for five stars best app ever.
R,You should be able to load a photo not always taking a photo...do something about it....
N,Joss bargendoss.
E,Super nice effects.
P,Awesome.
N,Burp burp burp.
P,Awesome...
N,Hay va de dung.
P,The best!
P,Love it.
P,The best.
P,No Good.
E,Nice effect.
P,I LOVE this app!!!
P,Best app out there!
N,Ok.
P,Love it.
P,i like it.
R,One request Can u guys give option to move the app sd card.
P,Loving it!
P,Like.
N,Face to Face.
N,Keep restart at tab 2 7.0 plus running jb.
B,plz do fix it!!!
N,suok.
N,Mantaaap.
P,loved it.
P,Great ones.
P,Ireally love this app.
P,Love it.
P,Really love it ;).
E,easy to use.
N,N.
N,Thanks.
P,Like it.
E,I forgot to update this application so less update.
N,"So far, this is the only photo enhancer I am using and very satisfied with it."
E,Excellent.
N,je.
N,I always use this and it's nice app ever!!
N,try it guys.
N,Loy.
P,i like 360.
P,Nice.
P,Amazing.
N,I used this app since 2013 ?
N,Never fails to satisfy me!
P,good.
N,Whoooooooooooo................
N,Maza aa gaya hai...........
N,kya baat hai who.
R,why u guys have to add the glossy thing on the light color (sweet)?
N,so sad.
N,":""(."
P,Hung.
P,Nice... ?
E,More application to edite picture.
E,To useful.
N,"After an update this app became bad, better the old one (previous version)."
N,Finally we have to create any 360 account... -_-.
N,Must download.
N,Wow...
N,Camera 360 is perfect camera app vid tons of features good work by devs.
N,Thumbs Up!
N,Camera360.
P,good.
P,Awesome Camera app ever.
E,Into sd card please.
P,Excellent app.
R,I enjoy it while I take a picture because the pictures are very clear compare to his own cam.
P,I'm loved it.
P,It's perfect.
N,No complaints.
N,Simple and fun editing with 360 camera.
E,Easy to use the application.
N,:-).
P,Lovely app...user friendly.
N,"No need to download any other app, if you hv this."
P,Great.
N,Can We Get Cartoon Like Iphone.
P,Great ap!
P,I just luv It.
P,Very good application.
P,nice.
N,Nothing to say.
P,Its Amazing.
P,Love this is great.
B,Not compatible with zenfone 5 ... force close.
N,Wwoowww.
E,But all the new stuff adds unnecessary clutter.
E,Great for taking selfies using monopod and for editing pictures with some cool effects to it.
R,Please add more effects.
P,Good.
N,Asek.
P,Nice.
P,Nice app.
P,Very very good camera....
N,Comera360.
P,Very nice app.
P,Love it.
P,Love it.
N,"I like this camera because if I use in indoor place, not dark."
N,Very nice :3.
P,U can not but absolutely love this app.
R,Love it but need more effects.
P,Nice.
P,Great.
P,Love it.
N,This app ok.
P,Good.
P,Awesome.
E,This application is very useful and be able to provide beautiful effects on each outcome my capture.
E,"I Like to take a picture, whatever the object and is very enjoyable."
N,are getting better.
N,Ok ok ok ok.
P,I love it.
P,Good having fun.
N,Just ok.
P,"camera360, i think, is the best camera for android."
P,it's just that sometimes the output comes of lower quality.
P,Good App.
P,Love it.
P,Best ever.
P,Loving it.
N,I enjoy this app...tnx.
E,Very nice and intuitive features.
P,Amazing camera app.
N,I made a clamp on tripod for my phone because of this app.
N,With this app almost anyone can take professional looking photos.
N,The latest update is nice but buggy!
E,"For example, rotation won't work even if phone's auto-rotate function is on!"
B,Please fix it.
N,Um.
N,Need this app always for my selfie.
P,Love it.
P,Love this apppppp.
P,Amazing.
P,I love it ;).
N,Ughhh.
E,"I really like this apps, but please do the effects level, so that we can set the opacity of the effects we use."
N,"Thanks, please advise."
E,"I hate the new change, it's have soft effect in sweet effect which i hate."
B,Please change back.
N,Nyc.
N,Muantaaaaaaaaaaaaaaapz.
P,Nice.
N,"But, the HDR Mode is bad  :(."
P,Nice camera.
P,Superb app...
N,Nia he thil hi k lo gaihtuah.
N,egtin hian ge mw in siam bik ni...!!
N,in va themthiam ve.
N,Lalpan malsawm ceu rwh seee!!
N,o maa gaad!!
E,Awesome filters.
N,All in one stable and with lots of effects.
E,Excellent.
N,Look ....
N,Yessssssss bish.
E,Superb editing lots off choice for pic editing.
P,The best I've tried so far....
P,Nice apps.
N,:).
P,Handsome app~.
P,The camera is amazing ?
P,Very nice.
P,The best.
P,nice.
P,Best application.
P,It is amazing.....
N,The reviews have spoilt my mural... Not downloading.
E,Excellent.
P,"This time I really love  to take picture w/ you,, ,sweet &hug,,."
N,Wooooowwwwwww........
E,Very useful espaially id photo capturing.
B,when i updated this my scanner says there is something virus threat pls fix it again.
N,????????!???????!??????!
E,I get great pictures and awesome effects with this app.
B,Why does your app remain active after closing?
N,I've noticed heavy battery usage with your app.
N,Every time I force it to close my battery goes back to normal.
N,Fix this.
E,Why can't I use the fresh filter ?
B,Please fix it.
N,Manajak.
P,best.
P,Good.
N,Luv it.
N,Mefir mefir.
N,Luvluvandeasytouse.
P,Great app love it!
N,Download now !
P,Love this camera app!
E,Easy to use.
P,Great app.
N,"The only thing, it's slow when taking pictures."
N,Now i had to remove it because of a virus.
N,To make ugly face become nice face lol.
E,Even the new version camera 360 the aplication are very bad because after i take a picture all effects doesn't work with me and and i can't save the photo â€¦
E,also the preview direction is wrong on my galaxy ace camera .
B,please fix it .
P,it was really the best application i have seen .
B,And every time i ask for fixing it but you didn't fix it .
N,Why !
N,What's the problem ??
N,I still waiting for correction and nothing !!
N,&lt;3.
N,Himax Pure 3.
P,very good !!
P,Great app hours of fun.
P,Cette application superbe!!!
P,Trop excellent :).
N,Been my fav.
N,camera app for a long time.
N,Keeps getting better and better :-).
P,Good App.
R,Omg all my pictures look so fantastic but it would be better if they have video on it but other then that everything is great.
E,Now easy to use.
N,A few week my picture is not save.
N,Somehow my picture is gone not in my memory card!!!!!
N,Fix it and u give 5 star even 10 star!!!!
P,ver good.
P,Love it so much.
P,nice cam.
N,Its not working  :-(:-(:-(:-(:-(:-(:-(:-(:-(.
P,Great apps!
N,Keep it up!
N,I am giving 5 stars to this app.
N,Hopefully you guys will add more features.
N,Keep up the good work.
P,Beautiful App.
E,Lenovo and samsung.
E,"Good, it doesnt makes something looks better, but looks unreal."
N,LOL :D.
N,Its nice to use this app.
P,Like it!!
P,love it!!
N,Very nice no ads.
P,THAT'S GOOD!
P,Love!
P,Like it.
N,I use this app all the time.
N,They are finally keeping it updated and little to no bugs.
N,Took then long enough.
N,"It's not perfect,  but it's a fun app to have."
N,I use it often.
N,No unwanted crap or delay.
E,love the options and would like to see more.
P,Like it.
P,This is a perfect photo app.
E,A lot of different effect.
E,Easy to use.
P,Also this is free app.
B,"The disadvantage is this program only run Android 4.1 or higher; otherwise, my previous phone is Android 4.0, it always crashed when I save my photo."
N,"Tested some feature and found it better than moto g original camera apps,  but still missing lots of features I used to in Nokia phone."
P,really good.
N,Always keep me satisfied!
P,Great work guys.
P,Love love love.
P,Love it.
N,Galaxy Note 3.
B,Please help to solve this issue.
P,I really like this app so much.
P,The best cam ever!!!
E,more effect please.
P,Like it.
P,I love camera 360!
N,Keep the enhancements coming :D.
P,Nice.
N,thumbs up...
P,Great.
P,Good.
P,I like this app.
P,I do really loved it.
P,Good camera.
P,Loved it!!!!
E,Beautiful.
B,I've been trying to get a picture I already took a scene if this isn't possible please make or if it is please tell me how.
N,Keren...
E,Very easy to use...
P,Excellent!
N,Cam360.
E,Excellent.
P,There's never been a wonderful camera apps like this.i love it!
N,The pictures result make me like a pro....
P,I LOVE IT !!!
E,The filter that i often use is light colour sweet.
E,But since the update the colour change.
E,Its look like a bit like magic skin.
N,Please make it natural back.
P,Its annoying.
N,Cause theres like a blur thingy there.
N,Smarttt.
P,good.
P,I love if!
P,nice.....its very good.
N,Wow.
P,Yeahh I luv it.
P,Just love 360 4ever.
P,Love this app use it all the time and the quality of the pictures it takes is great.
N,I recommend it.
N,ID wechat : izatieySen.
P,So amazing.
P,I do love it.
P,Look so great!
E,Awesome effects.
P,Best cell cam going.
P,its good.
P,COOL...!
P,Good.
N,I tried install uninstall and restart but that keeps happening aftet i update it.
B,", please fix it."
N,", its really annoying..."
N,OK.
E,Application doesn't even open anymore.
P,Good effect app.
P,Amazing.
N,Apps is so slow n make my phone hang once.
P,It has bunch of great features which no camera app gives loving it.
N,??????????
N,Note3.
P,Awesome!
P,Very good app.
E,easy to use with beautiful  results!
N,Thumbs up!
P,Awesome ?
P,I love them.
N,Downloading.
N,....
N,U.
N,U should get it.
E,The light colour effect are so fake !
B,"Please fix it like before , thanks."
P,Great app.
N,Very fun.
P,The best.
P,Love this app.
P,This app is great.
N,There is no camera app that can be compared to this app.
P,I'm loving it already.
P,Great apps.
P,good.
N,!!!!
P,Goooooooooood.
P,Amazing.
P,"Bueno, bonito y barato (good, cute and cheap), perfect replacement pronto app."
P,Love it.
P,I luve it.
P,Love it for selfie :).
P,Awesome apps!
N,Update now!
N,Update again!
P,Good.
P,Nice app.
N,it!!
N,oke.
P,So awesome!!!
P,Excellent A+++  I love it!
N,Need lot of improvements.
P,Awesome.
E,I also like the updates.
P,Love this photo editor...
P,Nice app.
P,good!
P,Good app.
N,but I don't understand why a camera app should always be running 5 processes in background.
E,Excellent.
N,Masih suka eror pas nyimpen foto.
P,Because ilike it.
N,Down Load now ...
N,Picxot.
P,like it.
P,good.
P,Nice.
P,Like it.
P,but this version is not wonderful like version before this.
P,Its a.good.camera.
P,Very good cam.
P,Love it.
P,Ok canteeekkk.
P,This app is really amazing.
N,Work on my phone so smooth.
P,Nice.
P,usefull application.
E,It so beutiful vcMerw.
P,its an excellent app.
E,but plz give us the facility to move it to sd card.
N,giving 5 star.
N,hoping ul wud do it in the next update.
P,nice.
P,Like it!
P,Awesome.
P,Ultimate.
P,Its good app.
N,Bagus.suka.
P,Really love it !
P,I love it :-).
P,Its so good.
P,Good.
P,Love it.
E,More effects pls.
P,Love this!
R,plz add more effect.
N,"Nothing bet, keep the good works guys."
P,Really luv 8.
P,Worthy.
P,Great.
P,I love it.
N,Woooooow.
N,Siiiip.
P,Good.
P,Good.
P,INI gooooddd.
N,Not bad.
N,:).
N,Mantaaaap.
P,I like it.
P,App so amazingggg.
P,Good.
N,Not bad.
P,It is the best editing app......
P,It's a great app for editing pics!
P,Love it!
N,;).
P,The good work.
P,Super cool.
N,Back normal light colour!
N,lurve it su muuuuchhh.
P,Love it.
N,Lumayan.
N,Hmmm.
N,Apa.
P,Love it.... amazing camera application.
B,Great but still freezes when you open the gallery.
P,Best by far.
E,"I gave four star cause not like before the filters now is not clear like before,  ?????????????????????"
P,Great....
E,Where is the cartoon effect?
N,ios has had it for months.
E,still no cartoon effect?
P,So nice.
P,Awesome camera apps!
P,Awesome.
P,i love it.
B,But lets see if the crashing is not there anymore...
P,I like this app.
B,I can't use the front cam of it.
E,Love the effect.
P,Greats...
P,Very nice.
N,Yup better than the old one.
N,?????
N,Camera360.
P,No words to explain just good as perfect!
N,Una de las mejores camera.
N,....:-).
N,A great app for clicking photos transferring and sharing.
P,Iloveit.
N,This so gooood nothing I can say on this apps.
P,Perfecto.
B,I like it  but sometimes i can't see in my album.
P,Good.
P,awesome!
N,lok.
E,Easy to use and make selfie better than any other camera apps.
E,"This app is really good,I'm happy with it's all new effects and styles."
N,Thanks.
N,Boleh larh !
E,Too good incredibly creative.
N,Nie.
E,Easy to use.
P,like it very much ?
N,Always have problem after taking picture.
B,"There will be notification on the phone saying that ""camera is processing large picture pls fo not exit"" i have to force close and the picture taken before is not saved."
E,Prefer the old version.
N,Much better.
N,It makes me more beautiful tho i am beautiful.
P,Best out there.
P,Good app.
P,Mindblowing...camera  amezing awsome......
P,is feculty so blowsome...i likeed this camera ......
P,so ...so....febulers...camera.....good job....
N,It gets error after took a photo .
N,Why?
P,Nice apps.
N,Sae pisan euy.
N,???
N,????
N,Sae.
N,Bnykin lg donk karakternya.
P,Good app.
P,Great App!
N,Good for photography.
P,Good.
P,Awesome update!
B,Still no fix yet.
P,To0 bad.
P,Superb.....
P,Love it !
E,Its d best...effects for videos vl make dis app complete.
P,Great app.
P,Superb.
P,Love it.
N,the camera for me.
B,There no pause option in video recording ...i cant pause n continue the the video recording ...please fix this problem ....please fix this.
P,"I love taking pictures, this app really helped me a lot."
P,Just like it's said.
N,Super....Better than Instagram.
P,Verry nice.
N,Job.
N,i use this camera for selfie.
P,gud camera i like it!
N,Instagram: PREETZHAMAMOTO.
P,Nice.
N,Really changed my self hehehehheehhe...
P,Superb.
P,Far better than the rest !
E,The new update sucks!
N,Light effect has beauty effect now!
E,Please fix it back to the original light effect cause the new one makes us look fake!
N,Please take note!
P,Awesome....
N,?????????
N,????????????
P,this app is awesome i really like it.
N,Bla bla bla bla.
P,Great App camera/Photography lover.
P,awesome.....
P,Very nice.
P,Love it.
N,Most used photography app.
P,Awesome.
N,Keren deh.
N,It's ok.
P,Love it.
P,Love it ?
P,Love it.
P,Best pix.
N,enjoy.
P,Cool.
P,this is the best.
B,Please help i cant save photos on external SD....
N,hehehe sana ma five stars na ito.
P,Like it.
N,Not bad.
N,PLSS .
N,HELP .
N,HELP ...I CANT INSTALL ITTT .
N,PLSS HELP ME .
B,PLSS FIX THis .
P,i love this app.
P,Cut above the rest!
P,Good.
P,I love this apps.
N,Really happy with this app.
N,I have thrown away all the other ones.
N,This does everything I want.
N,But it could be much better.
E,Should add editing feature even after the pic is taken in any effect and the raw could be infused with any effect.
N,Jen.
E,It has new awesome touches.
N,Ok.
P,Love it.
N,Kuya.
P,lovely apps.
P,I love it &lt;3.
