key,random key
3-0-gp:AOqpTOF14r5wqNJk57ZjLiIFfhNLikDYXw6qKaB6cMLZXS1wbzdp8jMHl6jNfSpatU9ipNSYwKCAEhHiUi_Z5A,R-1DC93C
3-1-gp:AOqpTOF14r5wqNJk57ZjLiIFfhNLikDYXw6qKaB6cMLZXS1wbzdp8jMHl6jNfSpatU9ipNSYwKCAEhHiUi_Z5A,R-7BE176
7-0-gp:AOqpTOEQbFCeCxIZkPCRGJ4zKr3SIT_Qpp7e8oe8iRhTk1-LjBy_f6hF4R4o2PFUHjEEnvsjVtAQEdKBy53aig,R-0EB3CF
7-1-gp:AOqpTOEQbFCeCxIZkPCRGJ4zKr3SIT_Qpp7e8oe8iRhTk1-LjBy_f6hF4R4o2PFUHjEEnvsjVtAQEdKBy53aig,R-B84BCA
7-2-gp:AOqpTOEQbFCeCxIZkPCRGJ4zKr3SIT_Qpp7e8oe8iRhTk1-LjBy_f6hF4R4o2PFUHjEEnvsjVtAQEdKBy53aig,R-1D5DFA
18-0-gp:AOqpTOFHWLkxGK_W6k5V1wxu4E38FiTVDHfuxzvXWeqJ41B6RYKdHk1ZyiADmKOi2wQWZ7TbqAn--lNtGQ6dlA,R-8E7BE8
25-0-gp:AOqpTOEnSejmZRPqfNvemJdeQaYqAlbu0PYIULndY8tKlRcARE_F2JiOymHCRiLaoL-jaZdiX4xKJmdSISoLSQ,R-D13C68
30-0-gp:AOqpTOGwjYkukgpZUwQBeJMavA6plT3YhR6oHDJnYAVh91yjo1BiGhgs0NukO-uTVivpB9dKU-dAFx8R_2Ae7w,R-4892DC
30-1-gp:AOqpTOGwjYkukgpZUwQBeJMavA6plT3YhR6oHDJnYAVh91yjo1BiGhgs0NukO-uTVivpB9dKU-dAFx8R_2Ae7w,R-B35486
30-2-gp:AOqpTOGwjYkukgpZUwQBeJMavA6plT3YhR6oHDJnYAVh91yjo1BiGhgs0NukO-uTVivpB9dKU-dAFx8R_2Ae7w,R-B737B7
30-3-gp:AOqpTOGwjYkukgpZUwQBeJMavA6plT3YhR6oHDJnYAVh91yjo1BiGhgs0NukO-uTVivpB9dKU-dAFx8R_2Ae7w,R-EF8B24
33-0-gp:AOqpTOGwjYkukgpZUwQBeJMavA6plT3YhR6oHDJnYAVh91yjo1BiGhgs0NukO-uTVivpB9dKU-dAFx8R_2Ae7w,R-10681F
33-1-gp:AOqpTOGwjYkukgpZUwQBeJMavA6plT3YhR6oHDJnYAVh91yjo1BiGhgs0NukO-uTVivpB9dKU-dAFx8R_2Ae7w,R-80818F
46-0-gp:AOqpTOEGzOxob9f6FKMQynmKhZm0Z9Cok3kKVUnFmoL3QpR2yF3KP_RtUMxAldvaIWOHexHtSElqMmHkHV6wrg,R-2D8EAD
52-0-gp:AOqpTOGYWmuMyFLh5t13cK5larbtOYrnURYOj93d0qQcZWEElmFfRuLTlSoCAKBwpx5Od1usWo_WdshrQc_nEg,R-2BB9BA
67-0-gp:AOqpTOGRd3MoMqk8f6q_QXmM9AxwYtxy3WeWB5wdfBFytM0qIIgyb_mkT3gfgYbteoO1HUrtIGTax-uWO1n1NA,R-4226EF
69-0-gp:AOqpTOGRd3MoMqk8f6q_QXmM9AxwYtxy3WeWB5wdfBFytM0qIIgyb_mkT3gfgYbteoO1HUrtIGTax-uWO1n1NA,R-94C4ED
69-1-gp:AOqpTOGRd3MoMqk8f6q_QXmM9AxwYtxy3WeWB5wdfBFytM0qIIgyb_mkT3gfgYbteoO1HUrtIGTax-uWO1n1NA,R-3CFAF6
70-0-gp:AOqpTOGRd3MoMqk8f6q_QXmM9AxwYtxy3WeWB5wdfBFytM0qIIgyb_mkT3gfgYbteoO1HUrtIGTax-uWO1n1NA,R-6C3447
91-0-gp:AOqpTOFrIqCFWDGwBysKZ1T6vEeEYYu0H_cCvS06ScA-hktDd087SbPb_7hNejQRCMI72w8UW7aB9RJSx0mE_Q,R-205482
92-0-gp:AOqpTOFrIqCFWDGwBysKZ1T6vEeEYYu0H_cCvS06ScA-hktDd087SbPb_7hNejQRCMI72w8UW7aB9RJSx0mE_Q,R-84404B
99-0-gp:AOqpTOEH6TPeW4y3MKoMhu1S9mvg8iyVVymOTrB7vYBnSL1vBtDpgyAcrHYA_nv9Oh90-W_LxtWBTHDhAq0JXA,R-7B41CF
103-0-gp:AOqpTOEH4KL5RMpsOwJQetbyYviIHjQFtkSkbEIYEMnwuJEaeKrASe17cYimnWNAZ66guF7kdDakVusjjCk7dg,R-5499A3
108-0-gp:AOqpTOEgtfwbkwFHS62HUuyf6ygMTEJWo2KWh-PT7kEsfmcqXlQiKfvYiGpwLppDqzBQu6iC_7WNVa7PjLTQZg,R-78EC8E
117-0-gp:AOqpTOFYpMidObM75MExzyNAglC6jqIz2SOw-aJs0WFocn46W54p3AeeJ3LokQi_y1qEbO0QxTGswabd_ynvyA,R-915433
122-0-gp:AOqpTOGvbBjIqyegoopiAy07XEkKsVeP1kO9ytLHCVU0jd0pZQp7V-e_B_B_t-8fR_wN5-aS8zodTC7bm081HA,R-22693E
124-0-gp:AOqpTOH7roIjlvnS58YmPa-hAOyxI6wi3UsdYGggjYcaryCKrpDPHRz2FVXvZailOQJ8kWzQUJelTc4_szQciA,R-DFB4D8
124-1-gp:AOqpTOH7roIjlvnS58YmPa-hAOyxI6wi3UsdYGggjYcaryCKrpDPHRz2FVXvZailOQJ8kWzQUJelTc4_szQciA,R-CABB93
124-2-gp:AOqpTOH7roIjlvnS58YmPa-hAOyxI6wi3UsdYGggjYcaryCKrpDPHRz2FVXvZailOQJ8kWzQUJelTc4_szQciA,R-78C4A2
126-0-gp:AOqpTOGFMKbaqXCVs8d0gqKB8TEbXmmE8neaKM2xOZS_SaO3HC2DTRhgPv_R4R3WipGEt3S5nEo4lil_y6o-Ww,R-654F21
127-0-gp:AOqpTOERCqVHrNyjW8bwmVEF_BoorC0IG3o_0lP5VAp7zBL0POGZepEglueeZy0n-R_T2I9iWRKCt6Tp4jZ-FQ,R-B1C129
127-1-gp:AOqpTOERCqVHrNyjW8bwmVEF_BoorC0IG3o_0lP5VAp7zBL0POGZepEglueeZy0n-R_T2I9iWRKCt6Tp4jZ-FQ,R-174201
128-0-gp:AOqpTOFI6wAxFDT85_TUJpTgLHw2lo0hq6FpeySMGm9QHlPocaTolyEm-ADNV3wtdT0oNhikuD7EhRR3yx6esw,R-51B067
128-1-gp:AOqpTOFI6wAxFDT85_TUJpTgLHw2lo0hq6FpeySMGm9QHlPocaTolyEm-ADNV3wtdT0oNhikuD7EhRR3yx6esw,R-800B19
129-0-gp:AOqpTOEkueAZbCOLzBasoAZ48qnbWQh_5QSFnoZoJvOBGw3WGZ49Y9fUYMNN6WREO7EKBmsm_6BcpRjT6gHmWg,R-5E25F6
139-0-gp:AOqpTOF99nPOaNQoxjFR3PtT7bHyxqvH229SfP5lN2UD9uU7xDCQ0z9Iqs9mAl05fiJ1xORUJsIutLrl6s8vPw,R-EAAE3D
158-0-gp:AOqpTOHL1GhABZErgI_2Ptss8IeUlMCuL45p9ZDGstPW1ro1CKWbRkzl6O4xgSu9WmKFbr9wUmQl5lsebKta7g,R-61612B
